[{"__type__":"cc.SpriteFrame","content":{"name":"color1_2","texture":"6auMUH3eFJz4VQaVzdAYFn","rect":[1543,587,110,110],"offset":[0,0],"originalSize":[110,110],"capInsets":[10,10,10,10]}},{"__type__":"cc.SpriteFrame","content":{"name":"8","texture":"6auMUH3eFJz4VQaVzdAYFn","rect":[1999,392,24,37],"offset":[0,0],"originalSize":[24,37],"rotated":1}},{"__type__":"cc.SpriteAtlas","_name":"items.plist","_spriteFrames":{"0":{"__uuid__":"f6rCDi1mRH05VDdXF28Azj"},"1":{"__uuid__":"6eyivjXb1Fc5KSHDI86y8J"},"2":{"__uuid__":"33kCjRivVITpdM58O7xt6f"},"3":{"__uuid__":"c11jAv9OZNuZI5+tceGNbo"},"4":{"__uuid__":"94FOscIpdO75q0lsQD1ruP"},"5":{"__uuid__":"e3dI04O3RH5b2ge8ad+SiE"},"6":{"__uuid__":"80u7LxAd5MBYTIsfueIjey"},"7":{"__uuid__":"319J0bYi5NGYAHLzlnDsdt"},"8":{"__uuid__":"06CvHEStRK4JgTsdfWZQB9"},"9":{"__uuid__":"d2Be5n1a1OXYsqWixIbsU2"},"button":{"__uuid__":"bbt3ALH9FAArvqAVWPbtPr"},"buttonBoard":{"__uuid__":"cfsk/b3bNM6ZQmvO/m23BF"},"color1_1024":{"__uuid__":"c0KkwCET1MtZZidgljusv8"},"color1_128":{"__uuid__":"fa2dwQyENKpYbcEABIU8lM"},"color1_16":{"__uuid__":"18jqxgDttPRZSLgVGnWEv8"},"color1_2":{"__uuid__":"04J0Pcg71GprkvaKZKTvgU"},"color1_2048":{"__uuid__":"1eq1Bnr/RMDKXWPF2zhZQe"},"color1_256":{"__uuid__":"4eYXoF7gBD24uoxt+Vrfo7"},"color1_32":{"__uuid__":"9bgopv2ctGl4wAYkJBJUlM"},"color1_4":{"__uuid__":"bcGYjK0mVCLp1XQdLFs0z9"},"color1_512":{"__uuid__":"35mdWLH4xAy47HHXnpB6iW"},"color1_64":{"__uuid__":"48kP9lRBJHP4q6lgE+lWG2"},"color1_8":{"__uuid__":"36meb901ZEH4/rZN41wI2J"},"exit":{"__uuid__":"12ueKsnXNNAL9idmxfKAHW"},"fm_3":{"__uuid__":"ffp11bq8RJgYXXw6I+bolt"},"fm_4":{"__uuid__":"bduA+rbrVBaZ8C/xZZCnRu"},"fm_5":{"__uuid__":"591RT+qMdM+6UYmYtvQqp1"},"line":{"__uuid__":"777AikpZBNoqDQLXpDEsEx"},"LOGO":{"__uuid__":"0cBtmm7t1DY7FH1ldsj2HB"},"pause":{"__uuid__":"89YGhw6n9E/p6cTSRSD0er"},"play":{"__uuid__":"16xdHhyc5Cx64cC6OnBm64"},"rankBoard":{"__uuid__":"e8sJ4YkUtBhJKk5vzGtEQ8"},"rankHand":{"__uuid__":"dcuEibSqdBs52596fDJYOZ"},"share_btn":{"__uuid__":"4dH2AErtFJt7DgwnODPCZ0"},"share_icon":{"__uuid__":"e2omWr9dhON6VKy3JVwbqw"},"share_play":{"__uuid__":"0ex2kdbvxKJYE4C00IuZGI"},"top":{"__uuid__":"d6eJ3ABK5P/5vUd/faPaaU"}}},{"__type__":"cc.SpriteFrame","content":{"name":"LOGO","texture":"6auMUH3eFJz4VQaVzdAYFn","rect":[1244,0,432,347],"offset":[0,0],"originalSize":[432,347]}},{"__type__":"cc.SpriteFrame","content":{"name":"share_play","texture":"6auMUH3eFJz4VQaVzdAYFn","rect":[1909,637,132,132],"offset":[0,0],"originalSize":[132,132]}},{"__type__":"cc.SpriteFrame","content":{"name":"exit","texture":"6auMUH3eFJz4VQaVzdAYFn","rect":[440,568,52,52],"offset":[0,0],"originalSize":[52,52]}},{"__type__":"cc.SpriteFrame","content":{"name":"play","texture":"6auMUH3eFJz4VQaVzdAYFn","rect":[1244,347,169,169],"offset":[0,0],"originalSize":[169,169]}},{"__type__":"cc.SpriteFrame","content":{"name":"color1_16","texture":"6auMUH3eFJz4VQaVzdAYFn","rect":[1543,477,110,110],"offset":[0,0],"originalSize":[110,110],"capInsets":[10,10,10,10]}},{"__type__":"cc.SpriteFrame","content":{"name":"color1_2048","texture":"6auMUH3eFJz4VQaVzdAYFn","rect":[1653,604,110,110],"offset":[0,0],"originalSize":[110,110],"capInsets":[10,10,10,10]}},{"__type__":"cc.SpriteFrame","content":{"name":"7","texture":"6auMUH3eFJz4VQaVzdAYFn","rect":[1999,368,24,37],"offset":[0,0],"originalSize":[24,37],"rotated":1}},{"__type__":"cc.SpriteFrame","content":{"name":"2","texture":"6auMUH3eFJz4VQaVzdAYFn","rect":[1999,440,23,37],"offset":[0,0],"originalSize":[23,37],"rotated":1}},{"__type__":"cc.SpriteFrame","content":{"name":"color1_512","texture":"6auMUH3eFJz4VQaVzdAYFn","rect":[110,568,110,110],"offset":[0,0],"originalSize":[110,110],"capInsets":[10,10,10,10]}},{"__type__":"cc.SpriteFrame","content":{"name":"color1_8","texture":"6auMUH3eFJz4VQaVzdAYFn","rect":[330,568,110,110],"offset":[0,0],"originalSize":[110,110],"capInsets":[10,10,10,10]}},{"__type__":"cc.SpriteFrame","content":{"name":"color1_64","texture":"6auMUH3eFJz4VQaVzdAYFn","rect":[220,568,110,110],"offset":[0,0],"originalSize":[110,110],"capInsets":[10,10,10,10]}},{"__type__":"cc.SpriteFrame","content":{"name":"share_btn","texture":"6auMUH3eFJz4VQaVzdAYFn","rect":[1676,0,604,123],"offset":[0,0],"originalSize":[604,123],"rotated":1}},{"__type__":"cc.SpriteFrame","content":{"name":"color1_256","texture":"6auMUH3eFJz4VQaVzdAYFn","rect":[1763,643,110,110],"offset":[0,0],"originalSize":[110,110],"capInsets":[10,10,10,10]}},{"__type__":"cc.SpriteFrame","content":{"name":"fm_5","texture":"6auMUH3eFJz4VQaVzdAYFn","rect":[1413,477,130,130],"offset":[0,0],"originalSize":[130,130]}},{"__type__":"cc.SpriteFrame","content":{"name":"1","texture":"6auMUH3eFJz4VQaVzdAYFn","rect":[2023,528,13,37],"offset":[0,0],"originalSize":[13,37]}},{"__type__":"cc.SpriteFrame","content":{"name":"line","texture":"6auMUH3eFJz4VQaVzdAYFn","rect":[1999,528,24,24],"offset":[0,0],"originalSize":[24,24],"capInsets":[10,10,10,10]}},{"__type__":"cc.SpriteFrame","content":{"name":"6","texture":"6auMUH3eFJz4VQaVzdAYFn","rect":[1999,344,24,37],"offset":[0,0],"originalSize":[24,37],"rotated":1}},{"__type__":"cc.SpriteFrame","content":{"name":"pause","texture":"6auMUH3eFJz4VQaVzdAYFn","rect":[492,568,52,52],"offset":[0,0],"originalSize":[52,52]}},{"__type__":"cc.SpriteFrame","content":{"name":"4","texture":"6auMUH3eFJz4VQaVzdAYFn","rect":[1999,463,23,37],"offset":[0,0],"originalSize":[23,37],"rotated":1}},{"__type__":"cc.SpriteFrame","content":{"name":"color1_32","texture":"6auMUH3eFJz4VQaVzdAYFn","rect":[640,516,110,110],"offset":[0,0],"originalSize":[110,110],"capInsets":[10,10,10,10]}},{"__type__":"cc.SpriteFrame","content":{"name":"button","texture":"6auMUH3eFJz4VQaVzdAYFn","rect":[1909,320,317,90],"offset":[0,0],"originalSize":[317,90],"rotated":1}},{"__type__":"cc.SpriteFrame","content":{"name":"color1_4","texture":"6auMUH3eFJz4VQaVzdAYFn","rect":[0,568,110,110],"offset":[0,0],"originalSize":[110,110],"capInsets":[10,10,10,10]}},{"__type__":"cc.SpriteFrame","content":{"name":"fm_4","texture":"6auMUH3eFJz4VQaVzdAYFn","rect":[1543,347,130,130],"offset":[0,0],"originalSize":[130,130]}},{"__type__":"cc.SpriteFrame","content":{"name":"color1_1024","texture":"6auMUH3eFJz4VQaVzdAYFn","rect":[1799,423,110,110],"offset":[0,0],"originalSize":[110,110],"capInsets":[10,10,10,10]}},{"__type__":"cc.SpriteFrame","content":{"name":"3","texture":"6auMUH3eFJz4VQaVzdAYFn","rect":[1999,486,21,37],"offset":[0,0],"originalSize":[21,37],"rotated":1}},{"__type__":"cc.SpriteFrame","content":{"name":"buttonBoard","texture":"6auMUH3eFJz4VQaVzdAYFn","rect":[0,0,640,568],"offset":[0,0],"originalSize":[640,568]}},{"__type__":"cc.SpriteFrame","content":{"name":"9","texture":"6auMUH3eFJz4VQaVzdAYFn","rect":[1999,416,24,37],"offset":[0,0],"originalSize":[24,37],"rotated":1}},{"__type__":"cc.SpriteFrame","content":{"name":"top","texture":"6auMUH3eFJz4VQaVzdAYFn","rect":[1909,0,320,128],"offset":[0,0],"originalSize":[320,128],"rotated":1}},{"__type__":"cc.SpriteFrame","content":{"name":"rankHand","texture":"6auMUH3eFJz4VQaVzdAYFn","rect":[1799,0,423,110],"offset":[0,0],"originalSize":[423,110],"rotated":1}},{"__type__":"cc.SpriteFrame","content":{"name":"share_icon","texture":"6auMUH3eFJz4VQaVzdAYFn","rect":[640,0,604,516],"offset":[0,0],"originalSize":[604,516]}},{"__type__":"cc.SpriteFrame","content":{"name":"5","texture":"6auMUH3eFJz4VQaVzdAYFn","rect":[1999,507,21,37],"offset":[0,0],"originalSize":[21,37],"rotated":1}},{"__type__":"cc.SpriteFrame","content":{"name":"rankBoard","texture":"6auMUH3eFJz4VQaVzdAYFn","rect":[1999,552,20,20],"offset":[0,0],"originalSize":[20,20],"capInsets":[4,4,4,4]}},{"__type__":"cc.SpriteFrame","content":{"name":"0","texture":"6auMUH3eFJz4VQaVzdAYFn","rect":[1999,320,24,37],"offset":[0,0],"originalSize":[24,37],"rotated":1}},{"__type__":"cc.SpriteFrame","content":{"name":"color1_128","texture":"6auMUH3eFJz4VQaVzdAYFn","rect":[1799,533,110,110],"offset":[0,0],"originalSize":[110,110],"capInsets":[10,10,10,10]}},{"__type__":"cc.SpriteFrame","content":{"name":"fm_3","texture":"6auMUH3eFJz4VQaVzdAYFn","rect":[1413,347,130,130],"offset":[0,0],"originalSize":[130,130]}}]