[{"__type__":"cc.SpriteFrame","content":{"name":"LOGO","texture":"6auMUH3eFJz4VQaVzdAYFn","rect":[1244,0,432,347],"offset":[0,0],"originalSize":[432,347]}},{"__type__":"cc.SpriteFrame","content":{"name":"share_play","texture":"6auMUH3eFJz4VQaVzdAYFn","rect":[1909,637,132,132],"offset":[0,0],"originalSize":[132,132]}},[{"__type__":"cc.Prefab","_name":"item","data":{"__id__":1},"asyncLoadAssets":null},{"__type__":"cc.Node","_name":"item","_children":[{"__id__":2},{"__id__":4},{"__id__":6},{"__id__":8},{"__id__":10}],"_components":[{"__type__":"01c44mKWW1NGoVqCg7+8euj","node":{"__id__":1},"itemSprite":{"__id__":3},"itemNum":{"__uuid__":"cfPoJ8xZ9Pv6L7vvestJEM"},"num1":{"__id__":5},"num2":{"__id__":7},"num3":{"__id__":9},"num4":{"__id__":11}}],"_prefab":{"__type__":"cc.PrefabInfo","root":{"__id__":1},"asset":{"__uuid__":"12X4k1+mFLx4S2mWwl9cx8"},"fileId":"f406K6LrpIob/eg1aFZDJB"},"_contentSize":{"__type__":"cc.Size","width":80,"height":80}},{"__type__":"cc.Node","_name":"itemSprite","_parent":{"__id__":1},"_components":[{"__id__":3}],"_prefab":{"__type__":"cc.PrefabInfo","root":{"__id__":1},"asset":{"__uuid__":"12X4k1+mFLx4S2mWwl9cx8"},"fileId":"70h6UwBbhH0YM0gyZBnao4"},"_contentSize":{"__type__":"cc.Size","width":100,"height":100}},{"__type__":"cc.Sprite","node":{"__id__":2},"_type":1,"_sizeMode":0},{"__type__":"cc.Node","_name":"sprite","_parent":{"__id__":1},"_components":[{"__id__":5}],"_prefab":{"__type__":"cc.PrefabInfo","root":{"__id__":1},"asset":{"__uuid__":"12X4k1+mFLx4S2mWwl9cx8"},"fileId":"11Gri/0i9GtJHBrkoIQnE3"},"_contentSize":{"__type__":"cc.Size","width":26,"height":34}},{"__type__":"cc.Sprite","node":{"__id__":4},"_sizeMode":0},{"__type__":"cc.Node","_name":"sprite","_parent":{"__id__":1},"_components":[{"__id__":7}],"_prefab":{"__type__":"cc.PrefabInfo","root":{"__id__":1},"asset":{"__uuid__":"12X4k1+mFLx4S2mWwl9cx8"},"fileId":"0auE+0xnpJRYUsb0Cgc5ed"},"_contentSize":{"__type__":"cc.Size","width":26,"height":34}},{"__type__":"cc.Sprite","node":{"__id__":6},"_sizeMode":0},{"__type__":"cc.Node","_name":"sprite","_parent":{"__id__":1},"_components":[{"__id__":9}],"_prefab":{"__type__":"cc.PrefabInfo","root":{"__id__":1},"asset":{"__uuid__":"12X4k1+mFLx4S2mWwl9cx8"},"fileId":"d6f16xvK9ELqTeAc9OP4HF"},"_contentSize":{"__type__":"cc.Size","width":26,"height":34}},{"__type__":"cc.Sprite","node":{"__id__":8},"_sizeMode":0},{"__type__":"cc.Node","_name":"sprite","_parent":{"__id__":1},"_components":[{"__id__":11}],"_prefab":{"__type__":"cc.PrefabInfo","root":{"__id__":1},"asset":{"__uuid__":"12X4k1+mFLx4S2mWwl9cx8"},"fileId":"b7zExpIVNDqpcLtglVmXgo"},"_contentSize":{"__type__":"cc.Size","width":26,"height":34}},{"__type__":"cc.Sprite","node":{"__id__":10},"_sizeMode":0}],{"__type__":"cc.SpriteFrame","content":{"name":"exit","texture":"6auMUH3eFJz4VQaVzdAYFn","rect":[440,568,52,52],"offset":[0,0],"originalSize":[52,52]}},{"__type__":"cc.SpriteFrame","content":{"name":"play","texture":"6auMUH3eFJz4VQaVzdAYFn","rect":[1244,347,169,169],"offset":[0,0],"originalSize":[169,169]}},{"__type__":"cc.SpriteFrame","content":{"name":"default_btn_disabled","texture":"71VhFCTINJM6/Ky3oX9nBT","rect":[0,0,40,40],"offset":[0,0],"originalSize":[40,40],"capInsets":[15,7,15,9]}},[{"__type__":"cc.Prefab","_name":"rankItem","data":{"__id__":1},"asyncLoadAssets":null},{"__type__":"cc.Node","_name":"rankItem","_children":[{"__id__":2},{"__id__":3},{"__id__":5},{"__id__":7},{"__id__":9},{"__id__":11}],"_components":[{"__type__":"81f14kuRn5K9LTujk2+2GHB","node":{"__id__":1},"photo":{"__id__":8},"fbname":{"__id__":10},"score":{"__id__":12},"level":{"__id__":6},"levelIcon":{"__id__":4}}],"_prefab":{"__type__":"cc.PrefabInfo","root":{"__id__":1},"asset":{"__uuid__":"3ed/mgEEJJbbbTQByPfKFh"},"fileId":"a4E7bouVtEs69y7kUbirT0"}},{"__type__":"cc.Node","_name":"sprite","_parent":{"__id__":1},"_components":[{"__type__":"cc.Sprite","node":{"__id__":2},"_spriteFrame":{"__uuid__":"e8sJ4YkUtBhJKk5vzGtEQ8"},"_type":1,"_sizeMode":0}],"_prefab":{"__type__":"cc.PrefabInfo","root":{"__id__":1},"asset":{"__uuid__":"3ed/mgEEJJbbbTQByPfKFh"},"fileId":"d7118yAG5lKybkFOAh8koPL"},"_contentSize":{"__type__":"cc.Size","width":579.9,"height":70}},{"__type__":"cc.Node","_name":"icon","_parent":{"__id__":1},"_components":[{"__id__":4}],"_prefab":{"__type__":"cc.PrefabInfo","root":{"__id__":1},"asset":{"__uuid__":"3ed/mgEEJJbbbTQByPfKFh"},"fileId":"d7118yAG5lKybkFOAh8koPL"},"_contentSize":{"__type__":"cc.Size","width":27,"height":21},"_position":{"__type__":"cc.Vec2","x":-247,"y":23}},{"__type__":"cc.Sprite","node":{"__id__":3}},{"__type__":"cc.Node","_name":"level","_parent":{"__id__":1},"_components":[{"__id__":6}],"_prefab":{"__type__":"cc.PrefabInfo","root":{"__id__":1},"asset":{"__uuid__":"3ed/mgEEJJbbbTQByPfKFh"},"fileId":"d1cddH/doRNQ4Aodz8556bh"},"_contentSize":{"__type__":"cc.Size","width":18,"height":32},"_position":{"__type__":"cc.Vec2","x":-248,"y":-5}},{"__type__":"cc.Label","node":{"__id__":5},"_useOriginalSize":false,"_actualFontSize":32,"_fontSize":32,"_lineHeight":32,"_N$string":"1","_N$horizontalAlign":1,"_N$verticalAlign":1},{"__type__":"cc.Node","_name":"photo","_parent":{"__id__":1},"_components":[{"__id__":8}],"_prefab":{"__type__":"cc.PrefabInfo","root":{"__id__":1},"asset":{"__uuid__":"3ed/mgEEJJbbbTQByPfKFh"},"fileId":"d7118yAG5lKybkFOAh8koPL"},"_contentSize":{"__type__":"cc.Size","width":60,"height":60},"_position":{"__type__":"cc.Vec2","x":-173}},{"__type__":"cc.Sprite","node":{"__id__":7},"_spriteFrame":{"__uuid__":"8c20Sso/ZEn7NUfNSM+EBh"},"_sizeMode":0},{"__type__":"cc.Node","_name":"faname","_parent":{"__id__":1},"_components":[{"__id__":10}],"_prefab":{"__type__":"cc.PrefabInfo","root":{"__id__":1},"asset":{"__uuid__":"3ed/mgEEJJbbbTQByPfKFh"},"fileId":"d1cddH/doRNQ4Aodz8556bh"},"_anchorPoint":{"__type__":"cc.Vec2","y":0.5},"_contentSize":{"__type__":"cc.Size","width":60,"height":24},"_position":{"__type__":"cc.Vec2","x":-75}},{"__type__":"cc.Label","node":{"__id__":9},"_useOriginalSize":false,"_actualFontSize":24,"_fontSize":24,"_lineHeight":24,"_N$string":"name","_N$verticalAlign":1},{"__type__":"cc.Node","_name":"score","_parent":{"__id__":1},"_components":[{"__id__":12}],"_prefab":{"__type__":"cc.PrefabInfo","root":{"__id__":1},"asset":{"__uuid__":"3ed/mgEEJJbbbTQByPfKFh"},"fileId":"f3FWjKFMNGaKAx13yCkP4j"},"_anchorPoint":{"__type__":"cc.Vec2","y":0.5},"_contentSize":{"__type__":"cc.Size","width":80,"height":24},"_position":{"__type__":"cc.Vec2","x":118}},{"__type__":"cc.Label","node":{"__id__":11},"_useOriginalSize":false,"_actualFontSize":24,"_fontSize":24,"_lineHeight":24,"_N$string":"123456","_N$verticalAlign":1}],[{"__type__":"cc.Prefab","_name":"grid","data":{"__id__":1},"asyncLoadAssets":null},{"__type__":"cc.Node","_name":"grid","_children":[{"__id__":2}],"_components":[{"__type__":"2512d9CR5dPU5PDcD210m/E","node":{"__id__":1}}],"_prefab":{"__type__":"cc.PrefabInfo","root":{"__id__":1},"asset":{"__uuid__":"46wm7payZPwoEVkRmgHKQ5"},"fileId":"dcAEig+PJA+6RPNdztLV/1"}},{"__type__":"cc.Node","_name":"sprite","_parent":{"__id__":1},"_components":[{"__type__":"cc.Sprite","node":{"__id__":2},"_type":1,"_sizeMode":0}],"_prefab":{"__type__":"cc.PrefabInfo","root":{"__id__":1},"asset":{"__uuid__":"46wm7payZPwoEVkRmgHKQ5"},"fileId":"59d3ePxgxhP17q/bKZe2Mkj"},"_contentSize":{"__type__":"cc.Size","width":100,"height":100}}],{"__type__":"cc.SpriteFrame","content":{"name":"share_btn","texture":"6auMUH3eFJz4VQaVzdAYFn","rect":[1676,0,604,123],"offset":[0,0],"originalSize":[604,123],"rotated":1}},{"__type__":"cc.SpriteFrame","content":{"name":"fm_5","texture":"6auMUH3eFJz4VQaVzdAYFn","rect":[1413,477,130,130],"offset":[0,0],"originalSize":[130,130]}},[{"__type__":"cc.SceneAsset","_name":"game","scene":{"__id__":1},"asyncLoadAssets":null},{"__type__":"cc.Scene","_name":"New Node","_children":[{"__id__":2}],"_anchorPoint":{"__type__":"cc.Vec2"},"autoReleaseAssets":false},{"__type__":"cc.Node","_name":"Canvas","_parent":{"__id__":1},"_components":[{"__type__":"cc.Canvas","node":{"__id__":2},"_designResolution":{"__type__":"cc.Size","width":640,"height":1136}},{"__type__":"41a6d+zz9JLm6SvBYPugiIf","node":{"__id__":2},"girdRoot":{"__uuid__":"f0iSuCTBVKy70KQuV381JX"},"uiRootPrefab":{"__uuid__":"708GKyxf1GSZ/+zUccvX65"},"rankPrefab":{"__uuid__":"893JgIsjFErJC+QnNSw9Ch"}},{"__type__":"191c8YcqW9NYql3hC0bgshx","node":{"__id__":2}}],"_id":"30wadta5RMdr6IJbDgvAoa","_contentSize":{"__type__":"cc.Size","width":640,"height":1136},"_position":{"__type__":"cc.Vec2","x":320,"y":568}}],[{"__type__":"cc.Prefab","_name":"UIRoot","data":{"__id__":1},"asyncLoadAssets":null},{"__type__":"cc.Node","_name":"UIRoot","_children":[{"__id__":2},{"__id__":18}],"_components":[{"__type__":"cc.Widget","node":{"__id__":1},"_alignFlags":45},{"__type__":"84c41LsrfFPsriorNv8+hdx","node":{"__id__":1},"startUI":{"__id__":2},"shareUI":{"__id__":18}}],"_prefab":{"__type__":"cc.PrefabInfo","root":{"__id__":1},"asset":{"__uuid__":"708GKyxf1GSZ/+zUccvX65"},"fileId":"f0TxPRWiFPML2Owj/O2JIv"},"_contentSize":{"__type__":"cc.Size","width":640,"height":1136},"_position":{"__type__":"cc.Vec2","x":320,"y":568}},{"__type__":"cc.Node","_name":"startUI","_parent":{"__id__":1},"_children":[{"__id__":3},{"__id__":5},{"__id__":7},{"__id__":9},{"__id__":10},{"__id__":13}],"_components":[{"__type__":"cc.Widget","node":{"__id__":2},"_alignFlags":45},{"__type__":"cc.BlockInputEvents","node":{"__id__":2}},{"__type__":"bca9aXCN59LNZb12NxU6UO1","node":{"__id__":2},"score":{"__id__":12},"icon":{"__id__":8},"bg":{"__id__":4},"bg2":{"__id__":6}}],"_prefab":{"__type__":"cc.PrefabInfo","root":{"__id__":1},"asset":{"__uuid__":"708GKyxf1GSZ/+zUccvX65"},"fileId":"defE/pMSxNp4FVi48Mmops"},"_contentSize":{"__type__":"cc.Size","width":640,"height":1136}},{"__type__":"cc.Node","_name":"bg","_parent":{"__id__":2},"_components":[{"__id__":4}],"_prefab":{"__type__":"cc.PrefabInfo","root":{"__id__":1},"asset":{"__uuid__":"708GKyxf1GSZ/+zUccvX65"},"fileId":"4adysnJuNI5LQitaf3AxRo"},"_contentSize":{"__type__":"cc.Size","width":640,"height":568},"_rotationX":180,"_rotationY":180,"_scaleX":-1,"_position":{"__type__":"cc.Vec2","y":284}},{"__type__":"cc.Sprite","node":{"__id__":3},"_spriteFrame":{"__uuid__":"cfsk/b3bNM6ZQmvO/m23BF"},"_type":1,"_sizeMode":0},{"__type__":"cc.Node","_name":"bg","_parent":{"__id__":2},"_components":[{"__id__":6}],"_prefab":{"__type__":"cc.PrefabInfo","root":{"__id__":1},"asset":{"__uuid__":"708GKyxf1GSZ/+zUccvX65"},"fileId":"58jan5pMVIroBNTuoBA1/C"},"_contentSize":{"__type__":"cc.Size","width":640,"height":568},"_position":{"__type__":"cc.Vec2","y":-284}},{"__type__":"cc.Sprite","node":{"__id__":5},"_spriteFrame":{"__uuid__":"cfsk/b3bNM6ZQmvO/m23BF"},"_type":1,"_sizeMode":0},{"__type__":"cc.Node","_name":"bg1","_parent":{"__id__":2},"_components":[{"__id__":8}],"_prefab":{"__type__":"cc.PrefabInfo","root":{"__id__":1},"asset":{"__uuid__":"708GKyxf1GSZ/+zUccvX65"},"fileId":"ebd80W/ndDPZYZjPd5EJlz"},"_contentSize":{"__type__":"cc.Size","width":444,"height":360},"_position":{"__type__":"cc.Vec2","y":318}},{"__type__":"cc.Sprite","node":{"__id__":7},"_spriteFrame":{"__uuid__":"0cBtmm7t1DY7FH1ldsj2HB"},"_sizeMode":0},{"__type__":"cc.Node","_name":"play","_parent":{"__id__":2},"_components":[{"__type__":"cc.Sprite","node":{"__id__":9},"_spriteFrame":{"__uuid__":"16xdHhyc5Cx64cC6OnBm64"},"_sizeMode":0},{"__type__":"cc.Button","node":{"__id__":9},"transition":2,"pressedColor":{"__type__":"cc.Color","r":255,"g":255,"b":255},"clickEvents":[{"__type__":"cc.ClickEvent","target":{"__id__":2},"component":"startUI","handler":"play"}],"_N$normalColor":{"__type__":"cc.Color","r":255,"g":255,"b":255},"_N$disabledColor":{"__type__":"cc.Color","r":255,"g":255,"b":255},"_N$normalSprite":{"__uuid__":"16xdHhyc5Cx64cC6OnBm64"},"_N$pressedSprite":{"__uuid__":"16xdHhyc5Cx64cC6OnBm64"},"pressedSprite":{"__uuid__":"16xdHhyc5Cx64cC6OnBm64"},"_N$hoverSprite":{"__uuid__":"16xdHhyc5Cx64cC6OnBm64"},"hoverSprite":{"__uuid__":"16xdHhyc5Cx64cC6OnBm64"},"_N$disabledSprite":{"__uuid__":"16xdHhyc5Cx64cC6OnBm64"},"_N$target":{"__id__":9}}],"_prefab":{"__type__":"cc.PrefabInfo","root":{"__id__":1},"asset":{"__uuid__":"708GKyxf1GSZ/+zUccvX65"},"fileId":"9eeJ3cozdIwImSW8KN9Y6x"},"_contentSize":{"__type__":"cc.Size","width":169,"height":169},"_position":{"__type__":"cc.Vec2","x":-7,"y":-3}},{"__type__":"cc.Node","_name":"score","_parent":{"__id__":2},"_children":[{"__id__":11}],"_prefab":{"__type__":"cc.PrefabInfo","root":{"__id__":1},"asset":{"__uuid__":"708GKyxf1GSZ/+zUccvX65"},"fileId":"268sjdHJtHsbrP3j0jal9i"},"_position":{"__type__":"cc.Vec2","y":-265}},{"__type__":"cc.Node","_name":"label","_parent":{"__id__":10},"_components":[{"__id__":12}],"_prefab":{"__type__":"cc.PrefabInfo","root":{"__id__":1},"asset":{"__uuid__":"708GKyxf1GSZ/+zUccvX65"},"fileId":"03h/uOp5lAJK/6Ljhv25zb"},"_color":{"__type__":"cc.Color","r":154,"g":146,"b":123},"_contentSize":{"__type__":"cc.Size","width":253,"height":40}},{"__type__":"cc.Label","node":{"__id__":11},"_useOriginalSize":false,"_N$string":"High score：0","_N$horizontalAlign":1,"_N$verticalAlign":1},{"__type__":"cc.Node","_name":"layout","_parent":{"__id__":2},"_children":[{"__id__":14},{"__id__":15},{"__id__":16},{"__id__":17}],"_components":[{"__type__":"cc.Sprite","node":{"__id__":13},"_type":1,"_sizeMode":0},{"__type__":"cc.Layout","node":{"__id__":13},"_layoutSize":{"__type__":"cc.Size","width":260,"height":150},"_resize":1,"_N$layoutType":1}],"_prefab":{"__type__":"cc.PrefabInfo","root":{"__id__":1},"asset":{"__uuid__":"708GKyxf1GSZ/+zUccvX65"},"fileId":"12i0SNTjZIloSe10hG+EaV"},"_color":{"__type__":"cc.Color","r":167,"g":167,"b":167},"_contentSize":{"__type__":"cc.Size","width":260,"height":150},"_position":{"__type__":"cc.Vec2","y":-364}},{"__type__":"cc.Node","_name":"button","_parent":{"__id__":13},"_active":false,"_components":[{"__type__":"cc.Sprite","node":{"__id__":14},"_sizeMode":0},{"__type__":"cc.Button","node":{"__id__":14},"transition":2,"pressedColor":{"__type__":"cc.Color","r":255,"g":255,"b":255},"_N$normalColor":{"__type__":"cc.Color","r":255,"g":255,"b":255},"_N$disabledColor":{"__type__":"cc.Color","r":255,"g":255,"b":255},"_N$target":{"__id__":14}}],"_prefab":{"__type__":"cc.PrefabInfo","root":{"__id__":1},"asset":{"__uuid__":"708GKyxf1GSZ/+zUccvX65"},"fileId":"d0VnvnPd9FL52gXGIvH6fn"},"_contentSize":{"__type__":"cc.Size","width":130,"height":130},"_position":{"__type__":"cc.Vec2","x":-85}},{"__type__":"cc.Node","_name":"button","_parent":{"__id__":13},"_components":[{"__type__":"cc.Sprite","node":{"__id__":15},"_spriteFrame":{"__uuid__":"591RT+qMdM+6UYmYtvQqp1"},"_sizeMode":0},{"__type__":"cc.Button","node":{"__id__":15},"transition":2,"pressedColor":{"__type__":"cc.Color","r":255,"g":255,"b":255},"clickEvents":[{"__type__":"cc.ClickEvent","target":{"__id__":2},"component":"startUI"}],"_N$normalColor":{"__type__":"cc.Color","r":255,"g":255,"b":255},"_N$disabledColor":{"__type__":"cc.Color","r":255,"g":255,"b":255},"_N$normalSprite":{"__uuid__":"591RT+qMdM+6UYmYtvQqp1"},"_N$pressedSprite":{"__uuid__":"591RT+qMdM+6UYmYtvQqp1"},"pressedSprite":{"__uuid__":"591RT+qMdM+6UYmYtvQqp1"},"_N$hoverSprite":{"__uuid__":"591RT+qMdM+6UYmYtvQqp1"},"hoverSprite":{"__uuid__":"591RT+qMdM+6UYmYtvQqp1"},"_N$disabledSprite":{"__uuid__":"591RT+qMdM+6UYmYtvQqp1"},"_N$target":{"__id__":15}}],"_prefab":{"__type__":"cc.PrefabInfo","root":{"__id__":1},"asset":{"__uuid__":"708GKyxf1GSZ/+zUccvX65"},"fileId":"ffl5/OuodHKqVW7xxMpQCg"},"_contentSize":{"__type__":"cc.Size","width":130,"height":130},"_position":{"__type__":"cc.Vec2","x":-65}},{"__type__":"cc.Node","_name":"button","_parent":{"__id__":13},"_active":false,"_components":[{"__type__":"cc.Sprite","node":{"__id__":16},"_sizeMode":0},{"__type__":"cc.Button","node":{"__id__":16},"transition":2,"pressedColor":{"__type__":"cc.Color","r":255,"g":255,"b":255},"_N$normalColor":{"__type__":"cc.Color","r":255,"g":255,"b":255},"_N$disabledColor":{"__type__":"cc.Color","r":255,"g":255,"b":255},"_N$target":{"__id__":16}}],"_prefab":{"__type__":"cc.PrefabInfo","root":{"__id__":1},"asset":{"__uuid__":"708GKyxf1GSZ/+zUccvX65"},"fileId":"e3FBX5W1tEbokJXr+VsMz4"},"_contentSize":{"__type__":"cc.Size","width":130,"height":130},"_position":{"__type__":"cc.Vec2","x":42.5}},{"__type__":"cc.Node","_name":"button","_parent":{"__id__":13},"_components":[{"__type__":"cc.Sprite","node":{"__id__":17},"_spriteFrame":{"__uuid__":"bduA+rbrVBaZ8C/xZZCnRu"},"_sizeMode":0},{"__type__":"cc.Button","node":{"__id__":17},"transition":2,"pressedColor":{"__type__":"cc.Color","r":255,"g":255,"b":255},"clickEvents":[{"__type__":"cc.ClickEvent","target":{"__id__":2},"component":"startUI","handler":"onChallenge"}],"_N$normalColor":{"__type__":"cc.Color","r":255,"g":255,"b":255},"_N$disabledColor":{"__type__":"cc.Color","r":255,"g":255,"b":255},"_N$normalSprite":{"__uuid__":"bduA+rbrVBaZ8C/xZZCnRu"},"_N$pressedSprite":{"__uuid__":"bduA+rbrVBaZ8C/xZZCnRu"},"pressedSprite":{"__uuid__":"bduA+rbrVBaZ8C/xZZCnRu"},"_N$hoverSprite":{"__uuid__":"bduA+rbrVBaZ8C/xZZCnRu"},"hoverSprite":{"__uuid__":"bduA+rbrVBaZ8C/xZZCnRu"},"_N$disabledSprite":{"__uuid__":"bduA+rbrVBaZ8C/xZZCnRu"},"_N$target":{"__id__":17}}],"_prefab":{"__type__":"cc.PrefabInfo","root":{"__id__":1},"asset":{"__uuid__":"708GKyxf1GSZ/+zUccvX65"},"fileId":"6bRQvEtHlGoIfyG8B3ziqu"},"_contentSize":{"__type__":"cc.Size","width":130,"height":130},"_position":{"__type__":"cc.Vec2","x":65}},{"__type__":"cc.Node","_name":"shareUI","_parent":{"__id__":1},"_children":[{"__id__":19},{"__id__":20},{"__id__":21},{"__id__":25},{"__id__":26}],"_active":false,"_components":[{"__type__":"cc.BlockInputEvents","node":{"__id__":18}},{"__type__":"ab6408y4ihGvpo29uPO2m4E","node":{"__id__":18},"score":{"__id__":23}},{"__type__":"cc.BlockInputEvents","node":{"__id__":18}}],"_prefab":{"__type__":"cc.PrefabInfo","root":{"__id__":1},"asset":{"__uuid__":"708GKyxf1GSZ/+zUccvX65"},"fileId":"ad0+xPTwxOlqmsr4360KuD"},"_contentSize":{"__type__":"cc.Size","width":640,"height":1136}},{"__type__":"cc.Node","_name":"bg","_parent":{"__id__":18},"_components":[{"__type__":"cc.Sprite","node":{"__id__":19},"_spriteFrame":{"__uuid__":"cfsk/b3bNM6ZQmvO/m23BF"},"_type":1,"_sizeMode":0}],"_prefab":{"__type__":"cc.PrefabInfo","root":{"__id__":1},"asset":{"__uuid__":"708GKyxf1GSZ/+zUccvX65"},"fileId":"dbYyg0bqBGUaWqCjw86mP0"},"_contentSize":{"__type__":"cc.Size","width":640,"height":568},"_rotationX":180,"_rotationY":180,"_scaleX":-1,"_position":{"__type__":"cc.Vec2","y":284}},{"__type__":"cc.Node","_name":"bg","_parent":{"__id__":18},"_components":[{"__type__":"cc.Sprite","node":{"__id__":20},"_spriteFrame":{"__uuid__":"cfsk/b3bNM6ZQmvO/m23BF"},"_type":1,"_sizeMode":0}],"_prefab":{"__type__":"cc.PrefabInfo","root":{"__id__":1},"asset":{"__uuid__":"708GKyxf1GSZ/+zUccvX65"},"fileId":"b4uO5qqlxKHqJHzGPxqBdY"},"_contentSize":{"__type__":"cc.Size","width":640,"height":568},"_position":{"__type__":"cc.Vec2","y":-284}},{"__type__":"cc.Node","_name":"bg1","_parent":{"__id__":18},"_children":[{"__id__":22},{"__id__":24}],"_components":[{"__type__":"cc.Sprite","node":{"__id__":21},"_spriteFrame":{"__uuid__":"e2omWr9dhON6VKy3JVwbqw"},"_sizeMode":0}],"_prefab":{"__type__":"cc.PrefabInfo","root":{"__id__":1},"asset":{"__uuid__":"708GKyxf1GSZ/+zUccvX65"},"fileId":"26O1YS37xO/IjUUJPs1oB3"},"_contentSize":{"__type__":"cc.Size","width":590,"height":515},"_position":{"__type__":"cc.Vec2","x":5,"y":257}},{"__type__":"cc.Node","_name":"label","_parent":{"__id__":21},"_components":[{"__id__":23}],"_prefab":{"__type__":"cc.PrefabInfo","root":{"__id__":1},"asset":{"__uuid__":"708GKyxf1GSZ/+zUccvX65"},"fileId":"c7Hoj6EqZLDLUzV883duNk"},"_color":{"__type__":"cc.Color","r":161,"g":80,"b":74},"_contentSize":{"__type__":"cc.Size","width":98,"height":40},"_position":{"__type__":"cc.Vec2","y":-215}},{"__type__":"cc.Label","node":{"__id__":22},"_useOriginalSize":false,"_N$horizontalAlign":1,"_N$verticalAlign":1},{"__type__":"cc.Node","_name":"button","_parent":{"__id__":21},"_components":[{"__type__":"cc.Sprite","node":{"__id__":24},"_spriteFrame":{"__uuid__":"4dH2AErtFJt7DgwnODPCZ0"},"_type":1,"_sizeMode":0},{"__type__":"cc.Button","node":{"__id__":24},"transition":2,"pressedColor":{"__type__":"cc.Color","r":255,"g":255,"b":255},"clickEvents":[{"__type__":"cc.ClickEvent","target":{"__id__":18},"component":"shareUI","handler":"onShareGame"}],"_N$normalColor":{"__type__":"cc.Color","r":255,"g":255,"b":255},"_N$disabledColor":{"__type__":"cc.Color","r":255,"g":255,"b":255},"_N$normalSprite":{"__uuid__":"4dH2AErtFJt7DgwnODPCZ0"},"_N$pressedSprite":{"__uuid__":"4dH2AErtFJt7DgwnODPCZ0"},"pressedSprite":{"__uuid__":"4dH2AErtFJt7DgwnODPCZ0"},"_N$hoverSprite":{"__uuid__":"4dH2AErtFJt7DgwnODPCZ0"},"hoverSprite":{"__uuid__":"4dH2AErtFJt7DgwnODPCZ0"},"_N$disabledSprite":{"__uuid__":"4dH2AErtFJt7DgwnODPCZ0"},"_N$target":{"__id__":24}}],"_prefab":{"__type__":"cc.PrefabInfo","root":{"__id__":1},"asset":{"__uuid__":"708GKyxf1GSZ/+zUccvX65"},"fileId":"63KnXpR4tPRqzlRCvi2yYG"},"_contentSize":{"__type__":"cc.Size","width":590,"height":101},"_position":{"__type__":"cc.Vec2","y":-308}},{"__type__":"cc.Node","_name":"play","_parent":{"__id__":18},"_components":[{"__type__":"cc.Sprite","node":{"__id__":25},"_spriteFrame":{"__uuid__":"0ex2kdbvxKJYE4C00IuZGI"},"_sizeMode":0},{"__type__":"cc.Button","node":{"__id__":25},"pressedColor":{"__type__":"cc.Color","r":255,"g":255,"b":255},"clickEvents":[{"__type__":"cc.ClickEvent","target":{"__id__":18},"component":"shareUI","handler":"play"}],"_N$normalColor":{"__type__":"cc.Color","r":255,"g":255,"b":255},"_N$disabledColor":{"__type__":"cc.Color","r":255,"g":255,"b":255},"_N$target":{"__id__":25}}],"_prefab":{"__type__":"cc.PrefabInfo","root":{"__id__":1},"asset":{"__uuid__":"708GKyxf1GSZ/+zUccvX65"},"fileId":"43qKWkQnRMUJHH7CNAN8fw"},"_contentSize":{"__type__":"cc.Size","width":136,"height":136},"_position":{"__type__":"cc.Vec2","y":-239}},{"__type__":"cc.Node","_name":"layout","_parent":{"__id__":18},"_children":[{"__id__":27},{"__id__":28},{"__id__":29}],"_components":[{"__type__":"cc.Sprite","node":{"__id__":26},"_type":1,"_sizeMode":0},{"__type__":"cc.Layout","node":{"__id__":26},"_layoutSize":{"__type__":"cc.Size","width":190,"height":150},"_resize":1,"_N$layoutType":1,"_N$spacingX":20}],"_prefab":{"__type__":"cc.PrefabInfo","root":{"__id__":1},"asset":{"__uuid__":"708GKyxf1GSZ/+zUccvX65"},"fileId":"abI+epE7NMN5Udc5tRHQ7T"},"_color":{"__type__":"cc.Color","r":167,"g":167,"b":167},"_contentSize":{"__type__":"cc.Size","width":190,"height":150},"_position":{"__type__":"cc.Vec2","y":-427}},{"__type__":"cc.Node","_name":"button","_parent":{"__id__":26},"_active":false,"_components":[{"__type__":"cc.Sprite","node":{"__id__":27},"_spriteFrame":{"__uuid__":"591RT+qMdM+6UYmYtvQqp1"},"_sizeMode":0},{"__type__":"cc.Button","node":{"__id__":27},"pressedColor":{"__type__":"cc.Color","r":255,"g":255,"b":255},"_N$normalColor":{"__type__":"cc.Color","r":255,"g":255,"b":255},"_N$disabledColor":{"__type__":"cc.Color","r":255,"g":255,"b":255},"_N$target":{"__id__":27}}],"_prefab":{"__type__":"cc.PrefabInfo","root":{"__id__":1},"asset":{"__uuid__":"708GKyxf1GSZ/+zUccvX65"},"fileId":"61ZDroNGNEqpcvDYFgobm4"},"_contentSize":{"__type__":"cc.Size","width":85,"height":91},"_position":{"__type__":"cc.Vec2","x":-105}},{"__type__":"cc.Node","_name":"button","_parent":{"__id__":26},"_components":[{"__type__":"cc.Sprite","node":{"__id__":28},"_spriteFrame":{"__uuid__":"ffp11bq8RJgYXXw6I+bolt"},"_sizeMode":0},{"__type__":"cc.Button","node":{"__id__":28},"pressedColor":{"__type__":"cc.Color","r":255,"g":255,"b":255},"clickEvents":[{"__type__":"cc.ClickEvent","target":{"__id__":18},"component":"shareUI","handler":"showRankUI"}],"_N$normalColor":{"__type__":"cc.Color","r":255,"g":255,"b":255},"_N$disabledColor":{"__type__":"cc.Color","r":255,"g":255,"b":255},"_N$normalSprite":{"__uuid__":"ffp11bq8RJgYXXw6I+bolt"},"_N$pressedSprite":{"__uuid__":"e97GVMl6JHh5Ml5qEDdSGa"},"pressedSprite":{"__uuid__":"e97GVMl6JHh5Ml5qEDdSGa"},"_N$hoverSprite":{"__uuid__":"e97GVMl6JHh5Ml5qEDdSGa"},"hoverSprite":{"__uuid__":"e97GVMl6JHh5Ml5qEDdSGa"},"_N$disabledSprite":{"__uuid__":"29FYIk+N1GYaeWH/q1NxQO"},"_N$target":{"__id__":28}}],"_prefab":{"__type__":"cc.PrefabInfo","root":{"__id__":1},"asset":{"__uuid__":"708GKyxf1GSZ/+zUccvX65"},"fileId":"29+DzkOO9Ldp2EtqGxfXCv"},"_contentSize":{"__type__":"cc.Size","width":85,"height":91},"_position":{"__type__":"cc.Vec2","x":-52.5}},{"__type__":"cc.Node","_name":"button","_parent":{"__id__":26},"_components":[{"__type__":"cc.Sprite","node":{"__id__":29},"_spriteFrame":{"__uuid__":"bduA+rbrVBaZ8C/xZZCnRu"},"_sizeMode":0},{"__type__":"cc.Button","node":{"__id__":29},"pressedColor":{"__type__":"cc.Color","r":255,"g":255,"b":255},"clickEvents":[{"__type__":"cc.ClickEvent","target":{"__id__":18},"component":"shareUI","handler":"onChallenge"}],"_N$normalColor":{"__type__":"cc.Color","r":255,"g":255,"b":255},"_N$disabledColor":{"__type__":"cc.Color","r":255,"g":255,"b":255},"_N$normalSprite":{"__uuid__":"bduA+rbrVBaZ8C/xZZCnRu"},"_N$pressedSprite":{"__uuid__":"e97GVMl6JHh5Ml5qEDdSGa"},"pressedSprite":{"__uuid__":"e97GVMl6JHh5Ml5qEDdSGa"},"_N$hoverSprite":{"__uuid__":"e97GVMl6JHh5Ml5qEDdSGa"},"hoverSprite":{"__uuid__":"e97GVMl6JHh5Ml5qEDdSGa"},"_N$disabledSprite":{"__uuid__":"29FYIk+N1GYaeWH/q1NxQO"},"_N$target":{"__id__":29}}],"_prefab":{"__type__":"cc.PrefabInfo","root":{"__id__":1},"asset":{"__uuid__":"708GKyxf1GSZ/+zUccvX65"},"fileId":"5awlhCutRMALAd3Q3KPh6H"},"_contentSize":{"__type__":"cc.Size","width":85,"height":91},"_position":{"__type__":"cc.Vec2","x":52.5}}],{"__type__":"cc.SpriteFrame","content":{"name":"line","texture":"6auMUH3eFJz4VQaVzdAYFn","rect":[1999,528,24,24],"offset":[0,0],"originalSize":[24,24],"capInsets":[10,10,10,10]}},{"__type__":"cc.SpriteFrame","content":{"name":"pause","texture":"6auMUH3eFJz4VQaVzdAYFn","rect":[492,568,52,52],"offset":[0,0],"originalSize":[52,52]}},[{"__type__":"cc.Prefab","_name":"rankUI","data":{"__id__":1},"asyncLoadAssets":null},{"__type__":"cc.Node","_name":"rankUI","_children":[{"__id__":2},{"__id__":3},{"__id__":4},{"__id__":5}],"_components":[{"__type__":"cc.BlockInputEvents","node":{"__id__":1}},{"__type__":"7c4f6Im+E9CPLgq3LIDqUzw","node":{"__id__":1},"rankPrefab":{"__uuid__":"3ed/mgEEJJbbbTQByPfKFh"},"content":{"__id__":6}}],"_prefab":{"__type__":"cc.PrefabInfo","root":{"__id__":1},"asset":{"__uuid__":"893JgIsjFErJC+QnNSw9Ch"},"fileId":"6bi7EwdNROEJloOBNY4H29"},"_contentSize":{"__type__":"cc.Size","width":640,"height":1136}},{"__type__":"cc.Node","_name":"bg","_parent":{"__id__":1},"_components":[{"__type__":"cc.Sprite","node":{"__id__":2},"_spriteFrame":{"__uuid__":"cfsk/b3bNM6ZQmvO/m23BF"},"_sizeMode":0}],"_prefab":{"__type__":"cc.PrefabInfo","root":{"__id__":1},"asset":{"__uuid__":"893JgIsjFErJC+QnNSw9Ch"},"fileId":"6ayGBgwixLobAjpTTbdzVZ"},"_contentSize":{"__type__":"cc.Size","width":640,"height":568},"_rotationX":180,"_rotationY":180,"_scaleX":-1,"_position":{"__type__":"cc.Vec2","y":284}},{"__type__":"cc.Node","_name":"bg","_parent":{"__id__":1},"_components":[{"__type__":"cc.Sprite","node":{"__id__":3},"_spriteFrame":{"__uuid__":"cfsk/b3bNM6ZQmvO/m23BF"},"_sizeMode":0}],"_prefab":{"__type__":"cc.PrefabInfo","root":{"__id__":1},"asset":{"__uuid__":"893JgIsjFErJC+QnNSw9Ch"},"fileId":"1cVecc1AlJqKJLc8I52Hvo"},"_contentSize":{"__type__":"cc.Size","width":640,"height":568},"_position":{"__type__":"cc.Vec2","y":-284}},{"__type__":"cc.Node","_name":"sprite","_parent":{"__id__":1},"_components":[{"__type__":"cc.Sprite","node":{"__id__":4},"_type":1,"_sizeMode":0}],"_prefab":{"__type__":"cc.PrefabInfo","root":{"__id__":1},"asset":{"__uuid__":"893JgIsjFErJC+QnNSw9Ch"},"fileId":"acLhPX9lRBlK2EjavcLPqu"},"_contentSize":{"__type__":"cc.Size","width":640,"height":1200}},{"__type__":"cc.Node","_name":"top","_parent":{"__id__":1},"_children":[{"__id__":6},{"__id__":7},{"__id__":8},{"__id__":9},{"__id__":10}],"_components":[{"__type__":"cc.Widget","node":{"__id__":5},"_alignFlags":1,"_top":133}],"_prefab":{"__type__":"cc.PrefabInfo","root":{"__id__":1},"asset":{"__uuid__":"893JgIsjFErJC+QnNSw9Ch"},"fileId":"c76Mca/HVCVr73fLKsSXEa"},"_position":{"__type__":"cc.Vec2","y":435}},{"__type__":"cc.Node","_name":"content","_parent":{"__id__":5},"_prefab":{"__type__":"cc.PrefabInfo","root":{"__id__":1},"asset":{"__uuid__":"893JgIsjFErJC+QnNSw9Ch"},"fileId":"3f+A5BNslHjKqdsXmV9Qes"},"_position":{"__type__":"cc.Vec2","y":-65}},{"__type__":"cc.Node","_name":"sprite","_parent":{"__id__":5},"_components":[{"__type__":"cc.Sprite","node":{"__id__":7},"_spriteFrame":{"__uuid__":"dcuEibSqdBs52596fDJYOZ"},"_type":1,"_sizeMode":0}],"_prefab":{"__type__":"cc.PrefabInfo","root":{"__id__":1},"asset":{"__uuid__":"893JgIsjFErJC+QnNSw9Ch"},"fileId":"711Kp7xX5Gn7d1Dj6wiwjo"},"_contentSize":{"__type__":"cc.Size","width":423,"height":110},"_position":{"__type__":"cc.Vec2","y":-12}},{"__type__":"cc.Node","_name":"rank_title","_parent":{"__id__":5},"_active":false,"_components":[{"__type__":"cc.Sprite","node":{"__id__":8}}],"_prefab":{"__type__":"cc.PrefabInfo","root":{"__id__":1},"asset":{"__uuid__":"893JgIsjFErJC+QnNSw9Ch"},"fileId":"ccgbOuFDZCDZ1ftD13PjRx"},"_contentSize":{"__type__":"cc.Size","width":421,"height":106},"_position":{"__type__":"cc.Vec2","y":11}},{"__type__":"cc.Node","_name":"label","_parent":{"__id__":5},"_active":false,"_components":[{"__type__":"cc.Label","node":{"__id__":9},"_useOriginalSize":false,"_actualFontSize":48,"_fontSize":48,"_lineHeight":48,"_N$string":"rank","_N$horizontalAlign":1,"_N$verticalAlign":1}],"_prefab":{"__type__":"cc.PrefabInfo","root":{"__id__":1},"asset":{"__uuid__":"893JgIsjFErJC+QnNSw9Ch"},"fileId":"d1cddH/doRNQ4Aodz8556bh"},"_contentSize":{"__type__":"cc.Size","width":93,"height":48},"_position":{"__type__":"cc.Vec2","y":8}},{"__type__":"cc.Node","_name":"button","_parent":{"__id__":5},"_children":[{"__id__":11}],"_components":[{"__type__":"cc.Sprite","node":{"__id__":10},"_spriteFrame":{"__uuid__":"bbt3ALH9FAArvqAVWPbtPr"},"_type":1,"_sizeMode":0},{"__type__":"cc.Button","node":{"__id__":10},"transition":2,"pressedColor":{"__type__":"cc.Color","r":255,"g":255,"b":255},"clickEvents":[{"__type__":"cc.ClickEvent","target":{"__id__":1},"component":"rankUI","handler":"closeThis"}],"_N$normalColor":{"__type__":"cc.Color","r":255,"g":255,"b":255},"_N$disabledColor":{"__type__":"cc.Color","r":255,"g":255,"b":255},"_N$normalSprite":{"__uuid__":"bbt3ALH9FAArvqAVWPbtPr"},"_N$pressedSprite":{"__uuid__":"bbt3ALH9FAArvqAVWPbtPr"},"pressedSprite":{"__uuid__":"bbt3ALH9FAArvqAVWPbtPr"},"_N$hoverSprite":{"__uuid__":"bbt3ALH9FAArvqAVWPbtPr"},"hoverSprite":{"__uuid__":"bbt3ALH9FAArvqAVWPbtPr"},"_N$disabledSprite":{"__uuid__":"bbt3ALH9FAArvqAVWPbtPr"},"_N$target":{"__id__":10}}],"_prefab":{"__type__":"cc.PrefabInfo","root":{"__id__":1},"asset":{"__uuid__":"893JgIsjFErJC+QnNSw9Ch"},"fileId":"59d3ePxgxhP17q/bKZe2Mkj"},"_contentSize":{"__type__":"cc.Size","width":286,"height":76},"_position":{"__type__":"cc.Vec2","y":-899}},{"__type__":"cc.Node","_name":"Label","_parent":{"__id__":10},"_components":[{"__type__":"cc.Label","node":{"__id__":11},"_useOriginalSize":false,"_actualFontSize":28,"_fontSize":28,"_enableWrapText":false,"_N$string":"Ranking","_N$horizontalAlign":1,"_N$verticalAlign":1,"_N$overflow":1}],"_prefab":{"__type__":"cc.PrefabInfo","root":{"__id__":1},"asset":{"__uuid__":"893JgIsjFErJC+QnNSw9Ch"},"fileId":"d3174kdUaZEoawd6DAb2S0l"},"_contentSize":{"__type__":"cc.Size","width":100,"height":40}}],{"__type__":"cc.SpriteFrame","content":{"name":"default_sprite","texture":"6eBWFz0oVHPLIGQKf/9Thu","rect":[0,2,40,36],"offset":[0,0],"originalSize":[40,40]}},{"__type__":"cc.SpriteFrame","content":{"name":"button","texture":"6auMUH3eFJz4VQaVzdAYFn","rect":[1909,320,317,90],"offset":[0,0],"originalSize":[317,90],"rotated":1}},{"__type__":"cc.SpriteFrame","content":{"name":"fm_4","texture":"6auMUH3eFJz4VQaVzdAYFn","rect":[1543,347,130,130],"offset":[0,0],"originalSize":[130,130]}},[{"__type__":"cc.Prefab","_name":"num","data":{"__id__":1},"asyncLoadAssets":null},{"__type__":"cc.Node","_name":"num","_children":[{"__id__":2},{"__id__":3},{"__id__":4},{"__id__":5}],"_components":[{"__type__":"cc.Label","node":{"__id__":1},"_useOriginalSize":false,"_N$string":"","_N$horizontalAlign":1,"_N$verticalAlign":1}],"_prefab":{"__type__":"cc.PrefabInfo","root":{"__id__":1},"asset":{"__uuid__":"cfPoJ8xZ9Pv6L7vvestJEM"},"fileId":"22wtXok75OD6HiXplnllbb"},"_contentSize":{"__type__":"cc.Size","height":40}},{"__type__":"cc.Node","_name":"sprite","_parent":{"__id__":1},"_components":[{"__type__":"cc.Sprite","node":{"__id__":2}}],"_prefab":{"__type__":"cc.PrefabInfo","root":{"__id__":1},"asset":{"__uuid__":"cfPoJ8xZ9Pv6L7vvestJEM"},"fileId":"d7118yAG5lKybkFOAh8koPL"},"_contentSize":{"__type__":"cc.Size","width":28,"height":37}},{"__type__":"cc.Node","_name":"sprite","_parent":{"__id__":1},"_components":[{"__type__":"cc.Sprite","node":{"__id__":3},"_sizeMode":0}],"_prefab":{"__type__":"cc.PrefabInfo","root":{"__id__":1},"asset":{"__uuid__":"cfPoJ8xZ9Pv6L7vvestJEM"},"fileId":"d7118yAG5lKybkFOAh8koPL"},"_contentSize":{"__type__":"cc.Size","width":28,"height":37}},{"__type__":"cc.Node","_name":"sprite","_parent":{"__id__":1},"_components":[{"__type__":"cc.Sprite","node":{"__id__":4}}],"_prefab":{"__type__":"cc.PrefabInfo","root":{"__id__":1},"asset":{"__uuid__":"cfPoJ8xZ9Pv6L7vvestJEM"},"fileId":"d7118yAG5lKybkFOAh8koPL"},"_contentSize":{"__type__":"cc.Size","width":28,"height":37}},{"__type__":"cc.Node","_name":"sprite","_parent":{"__id__":1},"_components":[{"__type__":"cc.Sprite","node":{"__id__":5}}],"_prefab":{"__type__":"cc.PrefabInfo","root":{"__id__":1},"asset":{"__uuid__":"cfPoJ8xZ9Pv6L7vvestJEM"},"fileId":"d7118yAG5lKybkFOAh8koPL"},"_contentSize":{"__type__":"cc.Size","width":28,"height":37}}],{"__type__":"cc.SpriteFrame","content":{"name":"buttonBoard","texture":"6auMUH3eFJz4VQaVzdAYFn","rect":[0,0,640,568],"offset":[0,0],"originalSize":[640,568]}},{"__type__":"cc.SpriteFrame","content":{"name":"top","texture":"6auMUH3eFJz4VQaVzdAYFn","rect":[1909,0,320,128],"offset":[0,0],"originalSize":[320,128],"rotated":1}},{"__type__":"cc.SpriteFrame","content":{"name":"rankHand","texture":"6auMUH3eFJz4VQaVzdAYFn","rect":[1799,0,423,110],"offset":[0,0],"originalSize":[423,110],"rotated":1}},{"__type__":"cc.SpriteFrame","content":{"name":"share_icon","texture":"6auMUH3eFJz4VQaVzdAYFn","rect":[640,0,604,516],"offset":[0,0],"originalSize":[604,516]}},{"__type__":"cc.SpriteFrame","content":{"name":"rankBoard","texture":"6auMUH3eFJz4VQaVzdAYFn","rect":[1999,552,20,20],"offset":[0,0],"originalSize":[20,20],"capInsets":[4,4,4,4]}},{"__type__":"cc.SpriteFrame","content":{"name":"default_btn_pressed","texture":"b4P/PCArtIdIH38t6mlw8Y","rect":[0,0,40,40],"offset":[0,0],"originalSize":[40,40],"capInsets":[11,11,11,7]}},[{"__type__":"cc.Prefab","_name":"gridRoot","data":{"__id__":1},"asyncLoadAssets":null},{"__type__":"cc.Node","_name":"gridRoot","_children":[{"__id__":2},{"__id__":3},{"__id__":4},{"__id__":5},{"__id__":6},{"__id__":8},{"__id__":9},{"__id__":10}],"_components":[{"__type__":"1ba5537UdpN/4pRkFoExyPm","node":{"__id__":1},"gridPrefab":{"__uuid__":"46wm7payZPwoEVkRmgHKQ5"},"itemPrefab":{"__uuid__":"12X4k1+mFLx4S2mWwl9cx8"},"soonGridNum":{"__uuid__":"12X4k1+mFLx4S2mWwl9cx8"},"line":{"__id__":7},"score":{"__id__":10}}],"_prefab":{"__type__":"cc.PrefabInfo","root":{"__id__":1},"asset":{"__uuid__":"f0iSuCTBVKy70KQuV381JX"},"fileId":"d2T4UJtANJh5UsS6D5iMo0"},"_contentSize":{"__type__":"cc.Size","width":640,"height":1136}},{"__type__":"cc.Node","_name":"bg","_parent":{"__id__":1},"_components":[{"__type__":"cc.Sprite","node":{"__id__":2},"_spriteFrame":{"__uuid__":"cfsk/b3bNM6ZQmvO/m23BF"},"_type":1,"_sizeMode":0}],"_prefab":{"__type__":"cc.PrefabInfo","root":{"__id__":1},"asset":{"__uuid__":"f0iSuCTBVKy70KQuV381JX"},"fileId":"b9lACZdcBNC5JqDyPtTV7n"},"_contentSize":{"__type__":"cc.Size","width":640,"height":568},"_rotationX":180,"_rotationY":180,"_scaleX":-1,"_position":{"__type__":"cc.Vec2","y":284}},{"__type__":"cc.Node","_name":"bg2","_parent":{"__id__":1},"_components":[{"__type__":"cc.Sprite","node":{"__id__":3},"_spriteFrame":{"__uuid__":"cfsk/b3bNM6ZQmvO/m23BF"},"_type":1,"_sizeMode":0}],"_prefab":{"__type__":"cc.PrefabInfo","root":{"__id__":1},"asset":{"__uuid__":"f0iSuCTBVKy70KQuV381JX"},"fileId":"baRsjIIzNHt5B6Iknnt/cD"},"_contentSize":{"__type__":"cc.Size","width":640,"height":568},"_position":{"__type__":"cc.Vec2","y":-284}},{"__type__":"cc.Node","_name":"bg3","_parent":{"__id__":1},"_components":[{"__type__":"cc.Sprite","node":{"__id__":4},"_spriteFrame":{"__uuid__":"d6eJ3ABK5P/5vUd/faPaaU"},"_type":1,"_sizeMode":0}],"_prefab":{"__type__":"cc.PrefabInfo","root":{"__id__":1},"asset":{"__uuid__":"f0iSuCTBVKy70KQuV381JX"},"fileId":"8cWiYJDi1L2LQybXkVuW4u"},"_contentSize":{"__type__":"cc.Size","width":320,"height":128},"_position":{"__type__":"cc.Vec2","x":-160,"y":504}},{"__type__":"cc.Node","_name":"bg4","_parent":{"__id__":1},"_components":[{"__type__":"cc.Sprite","node":{"__id__":5},"_spriteFrame":{"__uuid__":"d6eJ3ABK5P/5vUd/faPaaU"},"_type":1,"_sizeMode":0}],"_prefab":{"__type__":"cc.PrefabInfo","root":{"__id__":1},"asset":{"__uuid__":"f0iSuCTBVKy70KQuV381JX"},"fileId":"21ajL8afhF5osM9V7jJhZ6"},"_contentSize":{"__type__":"cc.Size","width":320,"height":128},"_position":{"__type__":"cc.Vec2","x":160,"y":504}},{"__type__":"cc.Node","_name":"line","_parent":{"__id__":1},"_components":[{"__id__":7}],"_prefab":{"__type__":"cc.PrefabInfo","root":{"__id__":1},"asset":{"__uuid__":"f0iSuCTBVKy70KQuV381JX"},"fileId":"a1o5BslzxPHLnTrsqyi/Ii"},"_contentSize":{"__type__":"cc.Size","width":100,"height":100},"_rotationX":180,"_rotationY":180,"_scaleX":-1},{"__type__":"cc.Sprite","node":{"__id__":6},"_spriteFrame":{"__uuid__":"777AikpZBNoqDQLXpDEsEx"},"_type":1,"_sizeMode":0},{"__type__":"cc.Node","_name":"exit_button","_parent":{"__id__":1},"_components":[{"__type__":"cc.Sprite","node":{"__id__":8},"_spriteFrame":{"__uuid__":"12ueKsnXNNAL9idmxfKAHW"},"_type":1,"_sizeMode":0},{"__type__":"cc.Button","node":{"__id__":8},"transition":2,"pressedColor":{"__type__":"cc.Color","r":255,"g":255,"b":255},"clickEvents":[{"__type__":"cc.ClickEvent","target":{"__id__":1},"component":"gridController","handler":"onMainScene"}],"_N$normalColor":{"__type__":"cc.Color","r":255,"g":255,"b":255},"_N$disabledColor":{"__type__":"cc.Color","r":255,"g":255,"b":255},"_N$normalSprite":{"__uuid__":"12ueKsnXNNAL9idmxfKAHW"},"_N$pressedSprite":{"__uuid__":"12ueKsnXNNAL9idmxfKAHW"},"pressedSprite":{"__uuid__":"12ueKsnXNNAL9idmxfKAHW"},"_N$hoverSprite":{"__uuid__":"12ueKsnXNNAL9idmxfKAHW"},"hoverSprite":{"__uuid__":"12ueKsnXNNAL9idmxfKAHW"},"_N$disabledSprite":{"__uuid__":"12ueKsnXNNAL9idmxfKAHW"},"_N$target":{"__id__":8}}],"_prefab":{"__type__":"cc.PrefabInfo","root":{"__id__":1},"asset":{"__uuid__":"f0iSuCTBVKy70KQuV381JX"},"fileId":"9faPAOcyxN/Y3CIp941EeR"},"_contentSize":{"__type__":"cc.Size","width":52,"height":48},"_position":{"__type__":"cc.Vec2","x":-260,"y":520}},{"__type__":"cc.Node","_name":"pause_button","_parent":{"__id__":1},"_components":[{"__type__":"cc.Sprite","node":{"__id__":9},"_spriteFrame":{"__uuid__":"89YGhw6n9E/p6cTSRSD0er"},"_type":1,"_sizeMode":0},{"__type__":"cc.Button","node":{"__id__":9},"transition":2,"pressedColor":{"__type__":"cc.Color","r":255,"g":255,"b":255},"clickEvents":[{"__type__":"cc.ClickEvent","target":{"__id__":1},"component":"gridController","handler":"onPauseOrResume"}],"_N$normalColor":{"__type__":"cc.Color","r":255,"g":255,"b":255},"_N$disabledColor":{"__type__":"cc.Color","r":255,"g":255,"b":255},"_N$normalSprite":{"__uuid__":"89YGhw6n9E/p6cTSRSD0er"},"_N$pressedSprite":{"__uuid__":"89YGhw6n9E/p6cTSRSD0er"},"pressedSprite":{"__uuid__":"89YGhw6n9E/p6cTSRSD0er"},"_N$hoverSprite":{"__uuid__":"89YGhw6n9E/p6cTSRSD0er"},"hoverSprite":{"__uuid__":"89YGhw6n9E/p6cTSRSD0er"},"_N$disabledSprite":{"__uuid__":"89YGhw6n9E/p6cTSRSD0er"},"_N$target":{"__id__":9}}],"_prefab":{"__type__":"cc.PrefabInfo","root":{"__id__":1},"asset":{"__uuid__":"f0iSuCTBVKy70KQuV381JX"},"fileId":"59d3ePxgxhP17q/bKZe2Mkj"},"_contentSize":{"__type__":"cc.Size","width":40,"height":48},"_position":{"__type__":"cc.Vec2","x":272,"y":520}},{"__type__":"cc.Node","_name":"socre","_parent":{"__id__":1},"_components":[{"__id__":11},{"__type__":"125abOQvTlEBpdqjY3ndlF5","node":{"__id__":10},"curLabel":{"__id__":11}}],"_prefab":{"__type__":"cc.PrefabInfo","root":{"__id__":1},"asset":{"__uuid__":"f0iSuCTBVKy70KQuV381JX"},"fileId":"6aAJReSDtCkLS9nvKxlbfC"},"_color":{"__type__":"cc.Color","r":154,"g":146,"b":123},"_contentSize":{"__type__":"cc.Size","width":83,"height":50},"_position":{"__type__":"cc.Vec2","y":516}},{"__type__":"cc.Label","node":{"__id__":10},"_useOriginalSize":false,"_actualFontSize":50,"_fontSize":50,"_lineHeight":50,"_N$string":"288","_N$horizontalAlign":1,"_N$verticalAlign":1}],{"__type__":"cc.SpriteFrame","content":{"name":"fm_3","texture":"6auMUH3eFJz4VQaVzdAYFn","rect":[1413,347,130,130],"offset":[0,0],"originalSize":[130,130]}}]